"name","type","n","missing","unique","mean","median","mode","mode_value","sd","v","min","max","range","skew","skew_2se","kurt","kurt_2se","category","description"
"id","integer",978,0,978,489.5,489.5,489.5,NA,282.468582323769,NA,1,978,977,0,0,-1.20368160376654,-3.85168262771527,NA,NA
"scl_A","numeric",978,0,152,0.178919503543018,0.121799307958463,0.121799307958463,NA,0.191036171738711,NA,0,0.902106500017514,0.902106500017514,1.19347112171207,7.63027768323158,0.98423636957461,3.14947583679391,NA,NA
"scl_B","numeric",978,0,168,0.187339681225907,0.121799307958463,0.121799307958463,NA,0.211131123852793,NA,0,0.957440000000012,0.957440000000012,1.23686045837082,7.9076808655747,0.922135277159488,2.95075742316278,NA,NA
"scl_C","numeric",978,0,226,0.173962427423046,0.0982131218724135,0.0982131218724135,NA,0.218816999091179,NA,0,0.937618147448029,0.937618147448029,1.35664697350574,8.67351789049984,1.02926792260185,3.29357312128453,NA,NA
"scl_D","numeric",978,0,376,0.208812571692427,0.121799307958463,0.121799307958463,NA,0.233458998625679,NA,0,1,1,1.21860844620592,7.79098937755935,0.677960173191299,2.16941707274794,NA,NA
"scl_E","numeric",978,0,384,0.228907815943266,0.142775241718058,0.142775241718058,NA,0.23717255834744,NA,0,0.997866801041406,0.997866801041406,1.02403065288875,6.54698559146803,0.232633839586254,0.744409248882118,NA,NA
"scl_G","numeric",978,0,339,0.215174405636854,0.121799307958463,0.121799307958463,NA,0.237055138475891,NA,0,0.990814814814803,0.990814814814803,1.26144015621673,8.06482745799927,0.899279802717002,2.87762177534458,NA,NA
